<?xml version="1.0" encoding="UTF-8"?>
<project-private xmlns="http://www.netbeans.org/ns/project-private/1">
    <editor-bookmarks xmlns="http://www.netbeans.org/ns/editor-bookmarks/2" lastBookmarkId="0"/>
    <open-files xmlns="http://www.netbeans.org/ns/projectui-open-files/2">
        <group>
            <file>file:/Users/dhruvkakran/Desktop/FlightSchedulerdpk5267%202/src/flightschedulerdpk5267/FlightScheduler.java</file>
            <file>file:/Users/dhruvkakran/Desktop/FlightSchedulerdpk5267%202/src/flightschedulerdpk5267/FlightSchedulerUI.java</file>
            <file>file:/Users/dhruvkakran/Desktop/FlightSchedulerdpk5267%202/src/flightschedulerdpk5267/Booking.java</file>
            <file>file:/Users/dhruvkakran/Desktop/FlightSchedulerdpk5267%202/src/flightschedulerdpk5267/DBConnection.java</file>
            <file>file:/Users/dhruvkakran/Desktop/FlightSchedulerdpk5267%202/src/flightschedulerdpk5267/WaitList.java</file>
        </group>
    </open-files>
</project-private>
